{
    "loss": 0.709105908870697,
    "accuracy": 0.8235294222831726
}